<?xml version="1.0" encoding="UTF-8"?>
<project-private xmlns="http://www.netbeans.org/ns/project-private/1">
    <editor-bookmarks xmlns="http://www.netbeans.org/ns/editor-bookmarks/2" lastBookmarkId="0"/>
    <open-files xmlns="http://www.netbeans.org/ns/projectui-open-files/2">
        <group>
            <file>file:/C:/Users/agust/Documents/NetBeansProjects/MyAjaxApp/src/java/com/ajax/AutoCompleteServlet.java</file>
            <file>file:/C:/Users/agust/Documents/NetBeansProjects/MyAjaxApp/web/composer.jsp</file>
            <file>file:/C:/Users/agust/Documents/NetBeansProjects/MyAjaxApp/web/javascript.js</file>
            <file>file:/C:/Users/agust/Documents/NetBeansProjects/MyAjaxApp/web/index.html</file>
            <file>file:/C:/Users/agust/Documents/NetBeansProjects/MyAjaxApp/web/stylesheet.css</file>
            <file>file:/C:/Users/agust/Documents/NetBeansProjects/MyAjaxApp/src/java/com/ajax/Composer.java</file>
            <file>file:/C:/Users/agust/Documents/NetBeansProjects/MyAjaxApp/web/error.jsp</file>
            <file>file:/C:/Users/agust/Documents/NetBeansProjects/MyAjaxApp/src/java/com/ajax/ComposerData.java</file>
        </group>
    </open-files>
</project-private>
